subreddit,count,hit_rate
cbd_raw_data,2440,0.7819672131147541
mmj_raw_data,2667,0.7251593550806149
marijuana_raw_data,2419,0.558908639933857
delta8_raw_data,1014,0.5581854043392505
eldertrees_raw_data,4658,0.5450837269214255
petioles_raw_data,3822,0.5026164311878598
treedibles_raw_data,691,0.4240231548480463
saplings_raw_data,1290,0.4178294573643411
entwives_raw_data,2475,0.39595959595959596
leaves_raw_data,3136,0.39126275510204084
trees_raw_data,1482,0.32793522267206476
cannabis_raw_data,742,0.3032345013477089
weed_raw_data,1187,0.22156697556866048
vaporents_raw_data,514,0.19066147859922178
microgrowery_raw_data,497,0.03621730382293763
cannabiscultivation_raw_data,407,0.019656019656019656
